﻿Domain Code,Domain,Area Code (FAO),Area,Element Code,Element,Item Code,Item,Year Code,Year,Unit,Value,Flag,Flag Description,Note
RFN,Fertilizers by Nutrient,5000,World,5510,Production,3102,Nutrient nitrogen N (total),1961,1961,t,12937059,A,Official figure,
RFN,Fertilizers by Nutrient,5000,World,5510,Production,3102,Nutrient nitrogen N (total),1962,1962,t,13574151,A,Official figure,
RFN,Fertilizers by Nutrient,5000,World,5510,Production,3102,Nutrient nitrogen N (total),1963,1963,t,15502434,A,Official figure,
RFN,Fertilizers by Nutrient,5000,World,5510,Production,3102,Nutrient nitrogen N (total),1964,1964,t,17627862,A,Official figure,
RFN,Fertilizers by Nutrient,5000,World,5510,Production,3102,Nutrient nitrogen N (total),1965,1965,t,20335168,A,Official figure,
RFN,Fertilizers by Nutrient,5000,World,5510,Production,3102,Nutrient nitrogen N (total),1966,1966,t,23070228,A,Official figure,
RFN,Fertilizers by Nutrient,5000,World,5510,Production,3102,Nutrient nitrogen N (total),1967,1967,t,25836183,A,Official figure,
RFN,Fertilizers by Nutrient,5000,World,5510,Production,3102,Nutrient nitrogen N (total),1968,1968,t,28141970,A,Official figure,
RFN,Fertilizers by Nutrient,5000,World,5510,Production,3102,Nutrient nitrogen N (total),1969,1969,t,30195308,A,Official figure,
RFN,Fertilizers by Nutrient,5000,World,5510,Production,3102,Nutrient nitrogen N (total),1970,1970,t,33258266,A,Official figure,
RFN,Fertilizers by Nutrient,5000,World,5510,Production,3102,Nutrient nitrogen N (total),1971,1971,t,35249174,A,Official figure,
RFN,Fertilizers by Nutrient,5000,World,5510,Production,3102,Nutrient nitrogen N (total),1972,1972,t,38350337,A,Official figure,
RFN,Fertilizers by Nutrient,5000,World,5510,Production,3102,Nutrient nitrogen N (total),1973,1973,t,41033282,A,Official figure,
RFN,Fertilizers by Nutrient,5000,World,5510,Production,3102,Nutrient nitrogen N (total),1974,1974,t,42414805,E,Estimated value,
RFN,Fertilizers by Nutrient,5000,World,5510,Production,3102,Nutrient nitrogen N (total),1975,1975,t,44619593,A,Official figure,
RFN,Fertilizers by Nutrient,5000,World,5510,Production,3102,Nutrient nitrogen N (total),1976,1976,t,46449524,A,Official figure,
RFN,Fertilizers by Nutrient,5000,World,5510,Production,3102,Nutrient nitrogen N (total),1977,1977,t,50468029,A,Official figure,
RFN,Fertilizers by Nutrient,5000,World,5510,Production,3102,Nutrient nitrogen N (total),1978,1978,t,55909463,A,Official figure,
RFN,Fertilizers by Nutrient,5000,World,5510,Production,3102,Nutrient nitrogen N (total),1979,1979,t,59624803,A,Official figure,
RFN,Fertilizers by Nutrient,5000,World,5510,Production,3102,Nutrient nitrogen N (total),1980,1980,t,62779706,E,Estimated value,
RFN,Fertilizers by Nutrient,5000,World,5510,Production,3102,Nutrient nitrogen N (total),1981,1981,t,62295149,E,Estimated value,
RFN,Fertilizers by Nutrient,5000,World,5510,Production,3102,Nutrient nitrogen N (total),1982,1982,t,63498386,E,Estimated value,
RFN,Fertilizers by Nutrient,5000,World,5510,Production,3102,Nutrient nitrogen N (total),1983,1983,t,68273923,E,Estimated value,
RFN,Fertilizers by Nutrient,5000,World,5510,Production,3102,Nutrient nitrogen N (total),1984,1984,t,74855695,E,Estimated value,
RFN,Fertilizers by Nutrient,5000,World,5510,Production,3102,Nutrient nitrogen N (total),1985,1985,t,73680818,E,Estimated value,
RFN,Fertilizers by Nutrient,5000,World,5510,Production,3102,Nutrient nitrogen N (total),1986,1986,t,77696274,E,Estimated value,
RFN,Fertilizers by Nutrient,5000,World,5510,Production,3102,Nutrient nitrogen N (total),1987,1987,t,82028360,E,Estimated value,
RFN,Fertilizers by Nutrient,5000,World,5510,Production,3102,Nutrient nitrogen N (total),1988,1988,t,85767301,E,Estimated value,
RFN,Fertilizers by Nutrient,5000,World,5510,Production,3102,Nutrient nitrogen N (total),1989,1989,t,85185849,E,Estimated value,
RFN,Fertilizers by Nutrient,5000,World,5510,Production,3102,Nutrient nitrogen N (total),1990,1990,t,82279841,E,Estimated value,
RFN,Fertilizers by Nutrient,5000,World,5510,Production,3102,Nutrient nitrogen N (total),1991,1991,t,80831186,E,Estimated value,
RFN,Fertilizers by Nutrient,5000,World,5510,Production,3102,Nutrient nitrogen N (total),1992,1992,t,80314695,E,Estimated value,
RFN,Fertilizers by Nutrient,5000,World,5510,Production,3102,Nutrient nitrogen N (total),1993,1993,t,80302720,E,Estimated value,
RFN,Fertilizers by Nutrient,5000,World,5510,Production,3102,Nutrient nitrogen N (total),1994,1994,t,80011675,E,Estimated value,
RFN,Fertilizers by Nutrient,5000,World,5510,Production,3102,Nutrient nitrogen N (total),1995,1995,t,86486980,E,Estimated value,
RFN,Fertilizers by Nutrient,5000,World,5510,Production,3102,Nutrient nitrogen N (total),1996,1996,t,90418464,E,Estimated value,
RFN,Fertilizers by Nutrient,5000,World,5510,Production,3102,Nutrient nitrogen N (total),1997,1997,t,87566043,E,Estimated value,
RFN,Fertilizers by Nutrient,5000,World,5510,Production,3102,Nutrient nitrogen N (total),1998,1998,t,88392236,E,Estimated value,
RFN,Fertilizers by Nutrient,5000,World,5510,Production,3102,Nutrient nitrogen N (total),1999,1999,t,89161871,E,Estimated value,
RFN,Fertilizers by Nutrient,5000,World,5510,Production,3102,Nutrient nitrogen N (total),2000,2000,t,85129097,E,Estimated value,
RFN,Fertilizers by Nutrient,5000,World,5510,Production,3102,Nutrient nitrogen N (total),2001,2001,t,85687041,E,Estimated value,
RFN,Fertilizers by Nutrient,5000,World,5510,Production,3102,Nutrient nitrogen N (total),2002,2002,t,87334656.59,E,Estimated value,
RFN,Fertilizers by Nutrient,5000,World,5510,Production,3102,Nutrient nitrogen N (total),2003,2003,t,88722235.65,E,Estimated value,
RFN,Fertilizers by Nutrient,5000,World,5510,Production,3102,Nutrient nitrogen N (total),2004,2004,t,94211276.27,E,Estimated value,
RFN,Fertilizers by Nutrient,5000,World,5510,Production,3102,Nutrient nitrogen N (total),2005,2005,t,95401622.4,E,Estimated value,
RFN,Fertilizers by Nutrient,5000,World,5510,Production,3102,Nutrient nitrogen N (total),2006,2006,t,95157921.92,E,Estimated value,
RFN,Fertilizers by Nutrient,5000,World,5510,Production,3102,Nutrient nitrogen N (total),2007,2007,t,102402827.9,E,Estimated value,
RFN,Fertilizers by Nutrient,5000,World,5510,Production,3102,Nutrient nitrogen N (total),2008,2008,t,100266504.5,E,Estimated value,
RFN,Fertilizers by Nutrient,5000,World,5510,Production,3102,Nutrient nitrogen N (total),2009,2009,t,98588049.69,E,Estimated value,
RFN,Fertilizers by Nutrient,5000,World,5510,Production,3102,Nutrient nitrogen N (total),2010,2010,t,107358832.4,E,Estimated value,
RFN,Fertilizers by Nutrient,5000,World,5510,Production,3102,Nutrient nitrogen N (total),2011,2011,t,107743990,E,Estimated value,
RFN,Fertilizers by Nutrient,5000,World,5510,Production,3102,Nutrient nitrogen N (total),2012,2012,t,109762432.7,E,Estimated value,
RFN,Fertilizers by Nutrient,5000,World,5510,Production,3102,Nutrient nitrogen N (total),2013,2013,t,114870775,E,Estimated value,
RFN,Fertilizers by Nutrient,5000,World,5510,Production,3102,Nutrient nitrogen N (total),2014,2014,t,115881568.1,E,Estimated value,
RFN,Fertilizers by Nutrient,5000,World,5510,Production,3102,Nutrient nitrogen N (total),2015,2015,t,120859200.6,E,Estimated value,
RFN,Fertilizers by Nutrient,5000,World,5510,Production,3102,Nutrient nitrogen N (total),2016,2016,t,116676149.5,E,Estimated value,
RFN,Fertilizers by Nutrient,5000,World,5510,Production,3102,Nutrient nitrogen N (total),2017,2017,t,121318387,E,Estimated value,
RFN,Fertilizers by Nutrient,5000,World,5510,Production,3102,Nutrient nitrogen N (total),2018,2018,t,120579876,E,Estimated value,
RFN,Fertilizers by Nutrient,5000,World,5510,Production,3102,Nutrient nitrogen N (total),2019,2019,t,122583277.2,E,Estimated value,
RFN,Fertilizers by Nutrient,5000,World,5510,Production,3102,Nutrient nitrogen N (total),2020,2020,t,125150380.3,E,Estimated value,
RFN,Fertilizers by Nutrient,5000,World,5510,Production,3102,Nutrient nitrogen N (total),2021,2021,t,123897762.5,E,Estimated value,
RFN,Fertilizers by Nutrient,5000,World,5510,Production,3102,Nutrient nitrogen N (total),2022,2022,t,122793865.9,E,Estimated value,
RFN,Fertilizers by Nutrient,5000,World,5510,Production,3102,Nutrient nitrogen N (total),2023,2023,t,119684664.2,E,Estimated value,
